Package,Built
acepack,3.4.4
assertthat,3.4.4
backports,3.4.4
base64enc,3.4.4
BH,3.4.4
bindr,3.4.4
bindrcpp,3.4.4
bitops,3.4.4
broom,3.4.4
callr,3.4.4
caTools,3.4.4
cellranger,3.4.4
checkmate,3.4.4
cli,3.4.4
clipr,3.4.4
clisymbols,3.4.4
colorspace,3.4.4
crayon,3.4.4
curl,3.4.4
data.table,3.4.4
DBI,3.4.4
dbplyr,3.4.4
desc,3.4.4
devtools,3.4.4
digest,3.4.4
doParallel,3.4.4
dplyr,3.4.4
evaluate,3.4.4
fansi,3.4.4
forcats,3.4.4
foreach,3.4.4
formatR,3.4.4
Formula,3.4.4
fredr,3.4.4
fs,3.4.4
gdata,3.4.4
ggfittext,3.4.4
ggplot2,3.4.4
ggthemes,3.4.4
gh,3.4.4
git2r,3.4.4
glue,3.4.4
gplots,3.4.4
gridExtra,3.4.4
gtable,3.4.4
gtools,3.4.4
haven,3.4.4
here,3.4.4
hhi,3.4.4
highr,3.4.4
Hmisc,3.4.4
hms,3.4.4
htmlTable,3.4.3
htmltools,3.4.4
htmlwidgets,3.4.4
httpuv,3.4.4
httr,3.4.4
ini,3.4.4
iterators,3.4.4
jsonlite,3.4.4
knitr,3.4.4
labeling,3.4.4
later,3.4.4
latticeExtra,3.4.4
lazyeval,3.4.4
lubridate,3.4.4
magrittr,3.4.4
markdown,3.4.4
MatrixModels,3.4.4
memoise,3.4.4
mime,3.4.4
modelr,3.4.4
multcomp,3.4.4
munsell,3.4.4
mvtnorm,3.4.4
openssl,3.4.4
packrat,3.4.3
pillar,3.4.4
pkgbuild,3.4.4
pkgconfig,3.4.4
pkgload,3.4.4
PKI,3.4.4
plogr,3.4.4
plyr,3.4.4
polspline,3.4.4
prettyunits,3.4.4
pROC,3.4.4
processx,3.4.4
promises,3.4.4
ps,3.4.4
purrr,3.4.4
quantreg,3.4.4
R6,3.4.4
rcmdcheck,3.4.3
RColorBrewer,3.4.4
Rcpp,3.4.4
RCurl,3.4.4
readr,3.4.4
readxl,3.4.4
rematch,3.4.4
remotes,3.4.4
reprex,3.4.4
reshape2,3.4.4
RJSONIO,3.4.4
rlang,3.4.4
rmarkdown,3.4.4
RMBSModel4Shiny,3.4.3
RMBSModelSensitivities,3.4.3
rms,3.4.4
ROCR,3.4.4
RODBC,3.4.4
rprojroot,3.4.4
rsconnect,3.4.3
rstudioapi,3.4.4
rvest,3.4.4
sandwich,3.4.4
scales,3.4.4
selectr,3.4.4
sessioninfo,3.4.4
shiny,3.4.3
sourcetools,3.4.4
SparseM,3.4.4
stringi,3.4.4
stringr,3.4.4
TH.data,3.4.4
tibble,3.4.4
tidyr,3.4.4
tidyselect,3.4.4
tidyverse,3.4.4
tinytex,3.4.4
treemapify,3.4.4
usethis,3.4.4
utf8,3.4.4
viridis,3.4.4
viridisLite,3.4.4
whisker,3.4.4
withr,3.4.4
xfun,3.4.4
xml2,3.4.4
xopen,3.4.4
xtable,3.4.4
yaml,3.4.4
zoo,3.4.4
translations,3.4.3
